{"MAE": 102068.10292376019, "MAPE": 0.17906686377733422, "MSE": 40671656592.11749, "RMSE": 201672.15125573857, "R-Squared": 0.7281081454611262}